variant,strategy,rounds,bets_per_round,cum_log_growth,max_drawdown,sharpe_like,worst_round
cost_0.5c,naive_kelly,49,11.673469387755102,0.2513097289842724,0.23163066564436674,0.2055957442346961,-0.22407682249720265
cost_0.5c,robust_G0,49,11.673469387755102,0.23576140275703836,0.2312325235123882,0.19409705913677633,-0.22407682249720812
cost_0.5c,robust_G2,49,11.673469387755102,0.032728392952013484,0.23984760191997445,0.04015696601734642,-0.1591231749852652
cost_0.5c,robust_G5,49,11.673469387755102,-0.09842050024073798,0.2423334021120317,-0.14238504853762593,-0.15912317498526501
cost_0.5c,equal_weight,49,11.673469387755102,0.6084001816555504,0.36259968179751934,0.3128979342956326,-0.2891897998387946
cost_0.5c,random,49,11.673469387755102,0.16821879292254988,0.35244889978158755,0.10732207220558986,-0.24606079964432545
cost_2c,naive_kelly,49,6.979591836734694,-0.12696648049349488,0.31795260419047455,-0.12657506030437238,-0.228174433180477
cost_2c,robust_G0,49,6.979591836734694,-0.12621000481168604,0.3182879033529158,-0.12559537518527641,-0.22817443318048666
cost_2c,robust_G2,49,6.979591836734694,-0.17604520963097497,0.2847393747810867,-0.25080911591054783,-0.1635606672830255
cost_2c,robust_G5,49,6.979591836734694,-0.2021698017167069,0.25948208143534734,-0.36804507156755767,-0.16356066728302557
cost_2c,equal_weight,49,6.979591836734694,-0.2589770883755469,0.3327359516791544,-0.2640651557409579,-0.22314355131420976
cost_2c,random,49,6.979591836734694,-0.3118588911222577,0.326974241883741,-0.4004100229712678,-0.14046963286799138
cost_3c,naive_kelly,49,5.326530612244898,-0.35584148658641945,0.3804532608359359,-0.36661421661807014,-0.23081680042794228
cost_3c,robust_G0,49,5.326530612244898,-0.3517382918636034,0.3776313228800393,-0.36267287242037133,-0.23081680042794617
cost_3c,robust_G2,49,5.326530612244898,-0.26643393416838707,0.26678749366523236,-0.4283325971209917,-0.16643889004494775
cost_3c,robust_G5,49,5.326530612244898,-0.2166650963304175,0.23720483133211023,-0.4002116757187771,-0.1664388900449478
cost_3c,equal_weight,49,5.326530612244898,-0.32877269842628465,0.35298043389098976,-0.4376528442596812,-0.15730390940466232
cost_3c,random,49,5.326530612244898,-0.2941530011065717,0.2981581972932613,-0.5201379780918816,-0.1079331920433187
cost_5c,naive_kelly,49,2.816326530612245,-0.3280162737099278,0.32905864075418,-0.35868908717832204,-0.23589938734588248
cost_5c,robust_G0,49,2.816326530612245,-0.32630290787856653,0.3286117099632486,-0.3567788934342918,-0.23589938734589483
cost_5c,robust_G2,49,2.816326530612245,-0.22549836009575205,0.22361438836418768,-0.48966408111766563,-0.17201230177740162
cost_5c,robust_G5,49,2.816326530612245,-0.004437495879115487,0.004427664741530224,-0.45178415184549586,-0.003948736494176747
cost_5c,equal_weight,49,2.816326530612245,-0.2984533600500681,0.3306399411626342,-0.40575494086941416,-0.14797160236799614
cost_5c,random,49,2.816326530612245,-0.25543734485639147,0.2674557841014511,-0.4805582181082699,-0.10661752223187454
min_edge_2c,naive_kelly,49,5.346938775510204,-0.08466331743391153,0.26025281863150673,-0.0848621753886938,-0.2254610494545628
min_edge_2c,robust_G0,49,5.346938775510204,-0.08963109517125484,0.26325473416106304,-0.0896405753988489,-0.2254610494545721
min_edge_2c,robust_G2,49,5.346938775510204,-0.1374972233971599,0.24160710449175826,-0.1929614133647001,-0.16061872267150035
min_edge_2c,robust_G5,49,5.346938775510204,-0.1473919856290169,0.26782760967073216,-0.238735675055303,-0.1606187226715002
min_edge_2c,equal_weight,49,5.346938775510204,-0.10926891117370072,0.2552569015090308,-0.14469207347488497,-0.15146631203100308
min_edge_2c,random,49,5.346938775510204,-0.145412412103337,0.2329326379946871,-0.2507084644151059,-0.1069946347742966
max_bets_6,naive_kelly,49,5.755102040816326,-0.09150774700938549,0.34615432868874685,-0.0816617075633086,-0.22546104945456283
max_bets_6,robust_G0,49,5.755102040816326,-0.10697461643264988,0.3412809345293101,-0.09571366708242132,-0.22546104945457224
max_bets_6,robust_G2,49,5.755102040816326,-0.2799065014076343,0.3340213444838832,-0.32929454863403995,-0.1691631838155293
max_bets_6,robust_G5,49,5.755102040816326,-0.08496041462368066,0.11928555360204018,-0.278732446932209,-0.0677123798976508
max_bets_6,equal_weight,49,5.755102040816326,0.8071623799711911,0.5511200822871399,0.2794733976757439,-0.4307829160924542
max_bets_6,random,49,5.755102040816326,0.2835887307387912,0.4307516860814088,0.15639417948242965,-0.26322601981554716
max_bets_20,naive_kelly,49,15.551020408163266,-0.3347742507336132,0.4293972079295716,-0.30037333042092396,-0.2254610494545628
max_bets_20,robust_G0,49,15.551020408163266,-0.3388432833933074,0.4284920105703738,-0.3035055144456165,-0.2254610494545722
max_bets_20,robust_G2,49,15.551020408163266,-0.40360537677255626,0.39200792893346814,-0.5222329287760747,-0.14691370660208078
max_bets_20,robust_G5,49,15.551020408163266,-0.15253027737255462,0.2520463477697723,-0.28611162727474737,-0.08566389006713007
max_bets_20,equal_weight,49,15.551020408163266,-0.412972738154902,0.7049178491686061,-0.20220850813603342,-0.2995578669319748
max_bets_20,random,49,15.551020408163266,-0.7941512882976084,0.7012045629418583,-0.5025955684718181,-0.222163453499651
isotonic,naive_kelly,49,11.591836734693878,0.4025666612843955,0.7974254659467129,0.11418249252852541,-0.43078291609245356
isotonic,robust_G0,49,11.591836734693878,0.43312458454307795,0.7970435117381232,0.12218496248174864,-0.43078291609245417
isotonic,robust_G2,49,11.591836734693878,-0.5735787444261853,0.7106891713145895,-0.24603366695537704,-0.43078291609245395
isotonic,robust_G5,49,11.591836734693878,-0.03310810538364098,0.5621854595672083,-0.020499782252772464,-0.2511488504133209
isotonic,equal_weight,49,11.591836734693878,-0.19146221817074016,0.6751332631050906,-0.07651350095777767,-0.4307829160924542
isotonic,random,49,11.591836734693878,-0.4718876012421228,0.6180756091449646,-0.241221782053813,-0.31815549715350405
bootstrap_intervals,naive_kelly,49,10.693877551020408,0.005133554144294986,0.2607019818882045,0.004721668536612451,-0.2254610494545628
bootstrap_intervals,robust_G0,49,10.693877551020408,-0.02172348233905024,0.26344441579900735,-0.019938064935296044,-0.2254610494545721
bootstrap_intervals,robust_G2,49,10.693877551020408,-0.02906937831566092,0.28298072435608024,-0.03308984648611512,-0.19918215891010174
bootstrap_intervals,robust_G5,49,10.693877551020408,-0.15320263817302343,0.34432390633040477,-0.1711848815082486,-0.1991821589101015
bootstrap_intervals,equal_weight,49,10.693877551020408,0.09745626292162075,0.6672288341141215,0.04597051294137776,-0.2995578669319748
bootstrap_intervals,random,49,10.693877551020408,-0.2529020310827948,0.6044245661309824,-0.16539283918721304,-0.21401386036886058
several_per_event,naive_kelly,49,10.89795918367347,-0.08031764307742688,0.3559536044852659,-0.07167198351089331,-0.20580105304958238
several_per_event,robust_G0,49,10.89795918367347,-0.09306428102812164,0.34787813682241875,-0.08317664400165074,-0.20552519908590883
several_per_event,robust_G2,49,10.89795918367347,-0.15524819370761458,0.3799189799301179,-0.19394447637282022,-0.15258522463044058
several_per_event,robust_G5,49,10.89795918367347,-0.04949863291464419,0.33111737035494115,-0.07423378983848641,-0.15251924497756453
several_per_event,equal_weight,49,10.89795918367347,0.16509521442213176,0.6310997850550583,0.0771054533847202,-0.2995578669319748
several_per_event,random,49,10.89795918367347,-0.1891538134639319,0.5902123837317872,-0.12123398406109123,-0.2375237094897999
weak_prior,naive_kelly,49,10.775510204081632,-0.03369844210738737,0.27503192398441534,-0.030563557160142626,-0.22546104945456807
weak_prior,robust_G0,49,10.775510204081632,-0.035059098501461654,0.2681870450356336,-0.0318380555802793,-0.2254610494545721
weak_prior,robust_G2,49,10.775510204081632,-0.12156776577516067,0.2708244859461235,-0.15636269694443758,-0.16145366653968157
weak_prior,robust_G5,49,10.775510204081632,-0.08602792032256938,0.26995395125120536,-0.12670878133724642,-0.1614536665396815
weak_prior,equal_weight,49,10.775510204081632,-0.2504776917818558,0.7042034081014412,-0.11922806838591508,-0.2995578669319748
weak_prior,random,49,10.775510204081632,-0.512605806872342,0.6412320377289091,-0.3454412253038984,-0.22693181198311752
budget_0.2,naive_kelly,49,10.693877551020408,0.06585912933783315,0.14552394219024412,0.09317209133869346,-0.13459015397276472
budget_0.2,robust_G0,49,10.693877551020408,0.06981161518630453,0.14513965314029975,0.09882502584584377,-0.13459015397276472
budget_0.2,robust_G2,49,10.693877551020408,-0.05819670249820933,0.16873040127299133,-0.13454487498580697,-0.0886624109467481
budget_0.2,robust_G5,49,10.693877551020408,-0.05621598028075577,0.1519552779596295,-0.15017284346011525,-0.08866241094674816
budget_0.2,equal_weight,49,10.693877551020408,0.1210105999289987,0.443519285586924,0.1014816541845461,-0.16007094785913487
budget_0.2,random,49,10.693877551020408,-0.009393743193004692,0.3572923740999725,-0.011430890455981323,-0.1075495671279893
burn_in_4,naive_kelly,53,10.528301886792454,-0.11630261876802135,0.2607019818882045,-0.08929995081443942,-0.22851206742921754
burn_in_4,robust_G0,53,10.528301886792454,-0.14433378682030099,0.26344441579900735,-0.11078527396059548,-0.22747932929233267
burn_in_4,robust_G2,53,10.528301886792454,-0.1312228480310928,0.256424584511158,-0.1675677766790613,-0.16061872267150035
burn_in_4,robust_G5,53,10.528301886792454,-0.09369286909413384,0.259215560888408,-0.1368406185956185,-0.1606187226715002
burn_in_4,equal_weight,53,10.528301886792454,0.1991592010578307,0.6672288341141215,0.08903355527641188,-0.2995578669319748
burn_in_4,random,53,10.528301886792454,-0.2840959873650986,0.6328102036594656,-0.17509932535016784,-0.2533834971870979
burn_in_12,naive_kelly,45,10.822222222222223,-0.15230487125195427,0.2607019818882045,-0.15188802270000554,-0.2254610494545628
burn_in_12,robust_G0,45,10.822222222222223,-0.17778830501764972,0.26344441579900746,-0.1769982867307005,-0.2254610494545721
burn_in_12,robust_G2,45,10.822222222222223,-0.2019084396203831,0.256424584511158,-0.28624433926003806,-0.16061872267150035
burn_in_12,robust_G5,45,10.822222222222223,-0.13069247920105392,0.259215560888408,-0.2085263117536796,-0.1606187226715002
burn_in_12,equal_weight,45,10.822222222222223,0.01572951584877315,0.6672288341141213,0.0077522092851823,-0.2995578669319748
burn_in_12,random,45,10.822222222222223,-0.18567922571988432,0.5932450755296914,-0.12496768048410166,-0.2412165024291286
active_40changes,naive_kelly,49,8.448979591836734,-1.2239790165842779,0.7175439666540196,-0.8245833029510371,-0.26032393727765635
active_40changes,robust_G0,49,8.448979591836734,-1.2441538903443932,0.721853157364464,-0.8341164559645058,-0.2646167995207848
active_40changes,robust_G2,49,8.448979591836734,-0.7439640393184357,0.524773639157293,-0.8807422875084943,-0.21202216489826986
active_40changes,robust_G5,49,8.448979591836734,-0.23920571693511616,0.21274708554323585,-0.6313799378130193,-0.11682589065439476
active_40changes,equal_weight,49,8.448979591836734,-2.3228716206560494,0.9225050324557911,-1.0053557022549329,-0.4307829160924542
active_40changes,random,49,8.448979591836734,-1.8056345640672653,0.8641339261441047,-1.167269979848441,-0.23696456465312393
fresh_3h,naive_kelly,49,11.408163265306122,-0.5811964064574855,0.6419112814966335,-0.38632932546380555,-0.24662447468716905
fresh_3h,robust_G0,49,11.408163265306122,-0.587442406902683,0.643077693519958,-0.3905656371433624,-0.24799955041319463
fresh_3h,robust_G2,49,11.408163265306122,-0.2757698725538352,0.4008994956923647,-0.3140200161838889,-0.1713110248037992
fresh_3h,robust_G5,49,11.408163265306122,-0.1417289192130174,0.29412572557541816,-0.2518228365197615,-0.10086787273434056
fresh_3h,equal_weight,49,11.408163265306122,-0.8472051894938303,0.8043079595328444,-0.42034794333787034,-0.4307829160924542
fresh_3h,random,49,11.408163265306122,-0.9016614828735293,0.7541735939350603,-0.5929084633894034,-0.31999053088807383
